"strategy","day","profit-per-ticket"
"1 ticket(s)",1,-1
"1 ticket(s)",2,-1
"1 ticket(s)",3,-1
"1 ticket(s)",4,-1
"1 ticket(s)",5,-1
"1 ticket(s)",6,-1
"1 ticket(s)",7,-1
"1 ticket(s)",8,-1
"1 ticket(s)",9,-1
"1 ticket(s)",10,-1
"1 ticket(s)",11,-1
"1 ticket(s)",12,-1
"1 ticket(s)",13,-1
"1 ticket(s)",14,-1
"1 ticket(s)",15,-1
"1 ticket(s)",16,-1
"1 ticket(s)",17,-1
"1 ticket(s)",18,-1
"1 ticket(s)",19,-1
"1 ticket(s)",20,-1
"1 ticket(s)",21,-1
"1 ticket(s)",22,-1
"1 ticket(s)",23,-1
"1 ticket(s)",24,-1
"1 ticket(s)",25,-1
"1 ticket(s)",26,-1
"1 ticket(s)",27,-1
"1 ticket(s)",28,-1
"1 ticket(s)",29,-1
"1 ticket(s)",30,-1
"1 ticket(s)",31,-1
"1 ticket(s)",32,-1
"1 ticket(s)",33,-1
"1 ticket(s)",34,-1
"1 ticket(s)",35,-1
"1 ticket(s)",36,-1
"1 ticket(s)",37,-1
"1 ticket(s)",38,-1
"1 ticket(s)",39,-1
"1 ticket(s)",40,-1
"1 ticket(s)",41,-1
"1 ticket(s)",42,-1
"1 ticket(s)",43,-1
"1 ticket(s)",44,-1
"1 ticket(s)",45,-1
"1 ticket(s)",46,-1
"1 ticket(s)",47,-1
"1 ticket(s)",48,-1
"1 ticket(s)",49,-1
"1 ticket(s)",50,-1
"1 ticket(s)",51,-1
"1 ticket(s)",52,-1
"1 ticket(s)",53,-1
"1 ticket(s)",54,-1
"1 ticket(s)",55,-1
"1 ticket(s)",56,-1
"1 ticket(s)",57,-1
"1 ticket(s)",58,-1
"1 ticket(s)",59,-1
"1 ticket(s)",60,-1
"1 ticket(s)",61,-1
"1 ticket(s)",62,-1
"1 ticket(s)",63,-1
"1 ticket(s)",64,-1
"1 ticket(s)",65,-1
"1 ticket(s)",66,-1
"1 ticket(s)",67,-1
"1 ticket(s)",68,-1
"1 ticket(s)",69,-1
"1 ticket(s)",70,-1
"1 ticket(s)",71,-1
"1 ticket(s)",72,-1
"1 ticket(s)",73,-1
"1 ticket(s)",74,-1
"1 ticket(s)",75,-1
"1 ticket(s)",76,-1
"1 ticket(s)",77,-1
"1 ticket(s)",78,-1
"1 ticket(s)",79,49
"1 ticket(s)",80,-1
"1 ticket(s)",81,-1
"1 ticket(s)",82,-1
"1 ticket(s)",83,-1
"1 ticket(s)",84,-1
"1 ticket(s)",85,-1
"1 ticket(s)",86,-1
"1 ticket(s)",87,-1
"1 ticket(s)",88,-1
"1 ticket(s)",89,-1
"1 ticket(s)",90,-1
"1 ticket(s)",91,-1
"1 ticket(s)",92,-1
"1 ticket(s)",93,-1
"1 ticket(s)",94,-1
"1 ticket(s)",95,-1
"1 ticket(s)",96,-1
"1 ticket(s)",97,-1
"1 ticket(s)",98,-1
"1 ticket(s)",99,-1
"1 ticket(s)",100,-1
"1 ticket(s)",101,-1
"1 ticket(s)",102,-1
"1 ticket(s)",103,-1
"1 ticket(s)",104,-1
"1 ticket(s)",105,49
"1 ticket(s)",106,-1
"1 ticket(s)",107,-1
"1 ticket(s)",108,-1
"1 ticket(s)",109,-1
"1 ticket(s)",110,-1
"1 ticket(s)",111,-1
"1 ticket(s)",112,-1
"1 ticket(s)",113,-1
"1 ticket(s)",114,-1
"1 ticket(s)",115,-1
"1 ticket(s)",116,-1
"1 ticket(s)",117,-1
"1 ticket(s)",118,-1
"1 ticket(s)",119,-1
"1 ticket(s)",120,-1
"1 ticket(s)",121,-1
"1 ticket(s)",122,-1
"1 ticket(s)",123,-1
"1 ticket(s)",124,-1
"1 ticket(s)",125,-1
"1 ticket(s)",126,-1
"1 ticket(s)",127,-1
"1 ticket(s)",128,-1
"1 ticket(s)",129,-1
"1 ticket(s)",130,-1
"1 ticket(s)",131,-1
"1 ticket(s)",132,-1
"1 ticket(s)",133,-1
"1 ticket(s)",134,-1
"1 ticket(s)",135,-1
"1 ticket(s)",136,-1
"1 ticket(s)",137,-1
"1 ticket(s)",138,-1
"1 ticket(s)",139,-1
"1 ticket(s)",140,-1
"1 ticket(s)",141,-1
"1 ticket(s)",142,-1
"1 ticket(s)",143,-1
"1 ticket(s)",144,-1
"1 ticket(s)",145,-1
"1 ticket(s)",146,-1
"1 ticket(s)",147,-1
"1 ticket(s)",148,-1
"1 ticket(s)",149,-1
"1 ticket(s)",150,-1
"1 ticket(s)",151,-1
"1 ticket(s)",152,-1
"1 ticket(s)",153,-1
"1 ticket(s)",154,-1
"1 ticket(s)",155,-1
"1 ticket(s)",156,-1
"1 ticket(s)",157,-1
"1 ticket(s)",158,-1
"1 ticket(s)",159,-1
"1 ticket(s)",160,-1
"1 ticket(s)",161,-1
"1 ticket(s)",162,-1
"1 ticket(s)",163,-1
"1 ticket(s)",164,-1
"1 ticket(s)",165,-1
"1 ticket(s)",166,-1
"1 ticket(s)",167,-1
"1 ticket(s)",168,-1
"1 ticket(s)",169,-1
"1 ticket(s)",170,-1
"1 ticket(s)",171,-1
"1 ticket(s)",172,-1
"1 ticket(s)",173,-1
"1 ticket(s)",174,-1
"1 ticket(s)",175,-1
"1 ticket(s)",176,-1
"1 ticket(s)",177,-1
"1 ticket(s)",178,-1
"1 ticket(s)",179,-1
"1 ticket(s)",180,-1
"1 ticket(s)",181,-1
"1 ticket(s)",182,-1
"1 ticket(s)",183,-1
"1 ticket(s)",184,-1
"1 ticket(s)",185,-1
"1 ticket(s)",186,-1
"1 ticket(s)",187,-1
"1 ticket(s)",188,-1
"1 ticket(s)",189,-1
"1 ticket(s)",190,-1
"1 ticket(s)",191,-1
"1 ticket(s)",192,-1
"1 ticket(s)",193,-1
"1 ticket(s)",194,-1
"1 ticket(s)",195,-1
"1 ticket(s)",196,-1
"1 ticket(s)",197,-1
"1 ticket(s)",198,-1
"1 ticket(s)",199,-1
"1 ticket(s)",200,-1
"100 ticket(s)",1,1.5
"100 ticket(s)",2,-0.5
"100 ticket(s)",3,-0.5
"100 ticket(s)",4,0
"100 ticket(s)",5,0.5
"100 ticket(s)",6,9.5
"100 ticket(s)",7,10.5
"100 ticket(s)",8,-1
"100 ticket(s)",9,0
"100 ticket(s)",10,1
"100 ticket(s)",11,0
"100 ticket(s)",12,-0.5
"100 ticket(s)",13,9.5
"100 ticket(s)",14,-0.5
"100 ticket(s)",15,0
"100 ticket(s)",16,9
"100 ticket(s)",17,0
"100 ticket(s)",18,0
"100 ticket(s)",19,0.5
"100 ticket(s)",20,0
"100 ticket(s)",21,-1
"100 ticket(s)",22,0
"100 ticket(s)",23,-0.5
"100 ticket(s)",24,9
"100 ticket(s)",25,0.5
"100 ticket(s)",26,-0.5
"100 ticket(s)",27,-0.5
"100 ticket(s)",28,0.5
"100 ticket(s)",29,0
"100 ticket(s)",30,0
"100 ticket(s)",31,-0.5
"100 ticket(s)",32,9
"100 ticket(s)",33,-0.5
"100 ticket(s)",34,-1
"100 ticket(s)",35,-0.5
"100 ticket(s)",36,0.5
"100 ticket(s)",37,0
"100 ticket(s)",38,10
"100 ticket(s)",39,1
"100 ticket(s)",40,0
"100 ticket(s)",41,9
"100 ticket(s)",42,-0.5
"100 ticket(s)",43,0.5
"100 ticket(s)",44,-1
"100 ticket(s)",45,0
"100 ticket(s)",46,0
"100 ticket(s)",47,0
"100 ticket(s)",48,0.5
"100 ticket(s)",49,-1
"100 ticket(s)",50,1.5
"100 ticket(s)",51,-0.5
"100 ticket(s)",52,-1
"100 ticket(s)",53,-1
"100 ticket(s)",54,-1
"100 ticket(s)",55,0
"100 ticket(s)",56,1.5
"100 ticket(s)",57,1
"100 ticket(s)",58,0.5
"100 ticket(s)",59,0
"100 ticket(s)",60,0
"100 ticket(s)",61,0
"100 ticket(s)",62,0
"100 ticket(s)",63,-0.5
"100 ticket(s)",64,9
"100 ticket(s)",65,0
"100 ticket(s)",66,-0.5
"100 ticket(s)",67,0
"100 ticket(s)",68,-1
"100 ticket(s)",69,0
"100 ticket(s)",70,2
"100 ticket(s)",71,-0.5
"100 ticket(s)",72,-0.5
"100 ticket(s)",73,0
"100 ticket(s)",74,1
"100 ticket(s)",75,-0.5
"100 ticket(s)",76,-0.5
"100 ticket(s)",77,-1
"100 ticket(s)",78,21
"100 ticket(s)",79,-0.5
"100 ticket(s)",80,0
"100 ticket(s)",81,-0.5
"100 ticket(s)",82,0
"100 ticket(s)",83,-0.5
"100 ticket(s)",84,0.5
"100 ticket(s)",85,10
"100 ticket(s)",86,0
"100 ticket(s)",87,0
"100 ticket(s)",88,9
"100 ticket(s)",89,0
"100 ticket(s)",90,-0.5
"100 ticket(s)",91,-0.5
"100 ticket(s)",92,-0.5
"100 ticket(s)",93,10.5
"100 ticket(s)",94,-0.5
"100 ticket(s)",95,0
"100 ticket(s)",96,0
"100 ticket(s)",97,-1
"100 ticket(s)",98,-1
"100 ticket(s)",99,1
"100 ticket(s)",100,1.5
"100 ticket(s)",101,0
"100 ticket(s)",102,-1
"100 ticket(s)",103,-1
"100 ticket(s)",104,0
"100 ticket(s)",105,0
"100 ticket(s)",106,0
"100 ticket(s)",107,9.5
"100 ticket(s)",108,10
"100 ticket(s)",109,0
"100 ticket(s)",110,0.5
"100 ticket(s)",111,-0.5
"100 ticket(s)",112,0
"100 ticket(s)",113,9
"100 ticket(s)",114,0
"100 ticket(s)",115,0.5
"100 ticket(s)",116,9
"100 ticket(s)",117,0
"100 ticket(s)",118,9
"100 ticket(s)",119,-1
"100 ticket(s)",120,1
"100 ticket(s)",121,0.5
"100 ticket(s)",122,-0.5
"100 ticket(s)",123,0.5
"100 ticket(s)",124,0
"100 ticket(s)",125,-1
"100 ticket(s)",126,0.5
"100 ticket(s)",127,-0.5
"100 ticket(s)",128,0.5
"100 ticket(s)",129,10
"100 ticket(s)",130,0
"100 ticket(s)",131,9
"100 ticket(s)",132,-0.5
"100 ticket(s)",133,-1
"100 ticket(s)",134,-1
"100 ticket(s)",135,-1
"100 ticket(s)",136,-1
"100 ticket(s)",137,-0.5
"100 ticket(s)",138,-1
"100 ticket(s)",139,-0.5
"100 ticket(s)",140,0.5
"100 ticket(s)",141,0
"100 ticket(s)",142,-0.5
"100 ticket(s)",143,-1
"100 ticket(s)",144,9.5
"100 ticket(s)",145,9.5
"100 ticket(s)",146,10.5
"100 ticket(s)",147,-1
"100 ticket(s)",148,-0.5
"100 ticket(s)",149,-1
"100 ticket(s)",150,0.5
"100 ticket(s)",151,0
"100 ticket(s)",152,0
"100 ticket(s)",153,10
"100 ticket(s)",154,0.5
"100 ticket(s)",155,0
"100 ticket(s)",156,-1
"100 ticket(s)",157,-0.5
"100 ticket(s)",158,-0.5
"100 ticket(s)",159,0
"100 ticket(s)",160,-0.5
"100 ticket(s)",161,-1
"100 ticket(s)",162,-0.5
"100 ticket(s)",163,0
"100 ticket(s)",164,0
"100 ticket(s)",165,0
"100 ticket(s)",166,0
"100 ticket(s)",167,-0.5
"100 ticket(s)",168,-0.5
"100 ticket(s)",169,-0.5
"100 ticket(s)",170,0.5
"100 ticket(s)",171,0.5
"100 ticket(s)",172,0
"100 ticket(s)",173,0
"100 ticket(s)",174,0
"100 ticket(s)",175,0
"100 ticket(s)",176,-0.5
"100 ticket(s)",177,0
"100 ticket(s)",178,0
"100 ticket(s)",179,-0.5
"100 ticket(s)",180,1
"100 ticket(s)",181,-0.5
"100 ticket(s)",182,0
"100 ticket(s)",183,11
"100 ticket(s)",184,0
"100 ticket(s)",185,0
"100 ticket(s)",186,0.5
"100 ticket(s)",187,0.5
"100 ticket(s)",188,0
"100 ticket(s)",189,0
"100 ticket(s)",190,0
"100 ticket(s)",191,-1
"100 ticket(s)",192,-0.5
"100 ticket(s)",193,9.5
"100 ticket(s)",194,-0.5
"100 ticket(s)",195,-0.5
"100 ticket(s)",196,0
"100 ticket(s)",197,0.5
"100 ticket(s)",198,-0.5
"100 ticket(s)",199,-1
"100 ticket(s)",200,0
"500 ticket(s)",1,-0.4
"500 ticket(s)",2,-0.1
"500 ticket(s)",3,1.7
"500 ticket(s)",4,2.3
"500 ticket(s)",5,-0.4
"500 ticket(s)",6,-0.3
"500 ticket(s)",7,-0.4
"500 ticket(s)",8,0.1
"500 ticket(s)",9,2.1
"500 ticket(s)",10,2
"500 ticket(s)",11,0.5
"500 ticket(s)",12,0.2
"500 ticket(s)",13,-0.4
"500 ticket(s)",14,0.2
"500 ticket(s)",15,4.4
"500 ticket(s)",16,0.2
"500 ticket(s)",17,0
"500 ticket(s)",18,2.2
"500 ticket(s)",19,3.9
"500 ticket(s)",20,-0.1
"500 ticket(s)",21,-0.6
"500 ticket(s)",22,-0.1
"500 ticket(s)",23,2.1
"500 ticket(s)",24,0.3
"500 ticket(s)",25,0.1
"500 ticket(s)",26,0.6
"500 ticket(s)",27,1.7
"500 ticket(s)",28,-0.1
"500 ticket(s)",29,1.7
"500 ticket(s)",30,0
"500 ticket(s)",31,0.7
"500 ticket(s)",32,1.9
"500 ticket(s)",33,0.1
"500 ticket(s)",34,0.1
"500 ticket(s)",35,0.1
"500 ticket(s)",36,0.2
"500 ticket(s)",37,0.1
"500 ticket(s)",38,4.1
"500 ticket(s)",39,-0.6
"500 ticket(s)",40,0
"500 ticket(s)",41,-0.3
"500 ticket(s)",42,-0.3
"500 ticket(s)",43,-0.2
"500 ticket(s)",44,-0.6
"500 ticket(s)",45,-0.1
"500 ticket(s)",46,-0.2
"500 ticket(s)",47,1.7
"500 ticket(s)",48,5.4
"500 ticket(s)",49,0.1
"500 ticket(s)",50,4.4
"500 ticket(s)",51,-0.3
"500 ticket(s)",52,-0.4
"500 ticket(s)",53,0.5
"500 ticket(s)",54,1.8
"500 ticket(s)",55,3.5
"500 ticket(s)",56,3.8
"500 ticket(s)",57,2.2
"500 ticket(s)",58,0.1
"500 ticket(s)",59,0.2
"500 ticket(s)",60,1.9
"500 ticket(s)",61,-0.2
"500 ticket(s)",62,1.7
"500 ticket(s)",63,4
"500 ticket(s)",64,4
"500 ticket(s)",65,2.1
"500 ticket(s)",66,0.4
"500 ticket(s)",67,-0.4
"500 ticket(s)",68,0
"500 ticket(s)",69,-0.1
"500 ticket(s)",70,-0.3
"500 ticket(s)",71,-0.3
"500 ticket(s)",72,1.9
"500 ticket(s)",73,-0.5
"500 ticket(s)",74,-0.2
"500 ticket(s)",75,2.3
"500 ticket(s)",76,-0.2
"500 ticket(s)",77,2.1
"500 ticket(s)",78,2.1
"500 ticket(s)",79,-0.4
"500 ticket(s)",80,-0.7
"500 ticket(s)",81,-0.1
"500 ticket(s)",82,0
"500 ticket(s)",83,2
"500 ticket(s)",84,0
"500 ticket(s)",85,-0.7
"500 ticket(s)",86,0.2
"500 ticket(s)",87,0
"500 ticket(s)",88,0.6
"500 ticket(s)",89,0.5
"500 ticket(s)",90,1.5
"500 ticket(s)",91,-0.5
"500 ticket(s)",92,-0.4
"500 ticket(s)",93,0
"500 ticket(s)",94,2.1
"500 ticket(s)",95,4.1
"500 ticket(s)",96,0.5
"500 ticket(s)",97,-0.2
"500 ticket(s)",98,0.2
"500 ticket(s)",99,-0.4
"500 ticket(s)",100,2.6
"500 ticket(s)",101,1.7
"500 ticket(s)",102,1.8
"500 ticket(s)",103,-0.6
"500 ticket(s)",104,0
"500 ticket(s)",105,0.1
"500 ticket(s)",106,0.1
"500 ticket(s)",107,2.3
"500 ticket(s)",108,0.5
"500 ticket(s)",109,-0.1
"500 ticket(s)",110,1.9
"500 ticket(s)",111,2.1
"500 ticket(s)",112,-0.1
"500 ticket(s)",113,2
"500 ticket(s)",114,0.2
"500 ticket(s)",115,3.7
"500 ticket(s)",116,-0.5
"500 ticket(s)",117,3.8
"500 ticket(s)",118,1.7
"500 ticket(s)",119,1.6
"500 ticket(s)",120,-0.4
"500 ticket(s)",121,-0.4
"500 ticket(s)",122,1.8
"500 ticket(s)",123,1.8
"500 ticket(s)",124,-0.4
"500 ticket(s)",125,1.3
"500 ticket(s)",126,0
"500 ticket(s)",127,-0.2
"500 ticket(s)",128,2.7
"500 ticket(s)",129,0.2
"500 ticket(s)",130,-0.4
"500 ticket(s)",131,50
"500 ticket(s)",132,0.2
"500 ticket(s)",133,0.4
"500 ticket(s)",134,-0.1
"500 ticket(s)",135,-0.4
"500 ticket(s)",136,2
"500 ticket(s)",137,-0.2
"500 ticket(s)",138,5.5
"500 ticket(s)",139,-0.3
"500 ticket(s)",140,-0.7
"500 ticket(s)",141,-0.5
"500 ticket(s)",142,2.2
"500 ticket(s)",143,-0.3
"500 ticket(s)",144,-0.3
"500 ticket(s)",145,0.1
"500 ticket(s)",146,2.3
"500 ticket(s)",147,-0.2
"500 ticket(s)",148,1.6
"500 ticket(s)",149,-0.6
"500 ticket(s)",150,-0.1
"500 ticket(s)",151,0.3
"500 ticket(s)",152,-0.5
"500 ticket(s)",153,1.8
"500 ticket(s)",154,0.1
"500 ticket(s)",155,0
"500 ticket(s)",156,0.3
"500 ticket(s)",157,-0.1
"500 ticket(s)",158,-0.3
"500 ticket(s)",159,50.1
"500 ticket(s)",160,0
"500 ticket(s)",161,-0.1
"500 ticket(s)",162,0.4
"500 ticket(s)",163,-0.2
"500 ticket(s)",164,-0.1
"500 ticket(s)",165,0.2
"500 ticket(s)",166,-0.4
"500 ticket(s)",167,0.2
"500 ticket(s)",168,1.9
"500 ticket(s)",169,51.7
"500 ticket(s)",170,1.5
"500 ticket(s)",171,-0.1
"500 ticket(s)",172,0.2
"500 ticket(s)",173,-0.4
"500 ticket(s)",174,1.8
"500 ticket(s)",175,1.9
"500 ticket(s)",176,0.1
"500 ticket(s)",177,-0.2
"500 ticket(s)",178,1.8
"500 ticket(s)",179,0
"500 ticket(s)",180,0.1
"500 ticket(s)",181,-0.4
"500 ticket(s)",182,-0.2
"500 ticket(s)",183,-0.5
"500 ticket(s)",184,53.6
"500 ticket(s)",185,1.6
"500 ticket(s)",186,-0.3
"500 ticket(s)",187,0.2
"500 ticket(s)",188,2.3
"500 ticket(s)",189,2.2
"500 ticket(s)",190,0.2
"500 ticket(s)",191,4.5
"500 ticket(s)",192,2.1
"500 ticket(s)",193,-0.1
"500 ticket(s)",194,-0.3
"500 ticket(s)",195,3.8
"500 ticket(s)",196,-0.2
"500 ticket(s)",197,-0.6
"500 ticket(s)",198,1.9
"500 ticket(s)",199,-0.1
"500 ticket(s)",200,1.4
"2500 ticket(s)",1,0.2
"2500 ticket(s)",2,0.74
"2500 ticket(s)",3,0.66
"2500 ticket(s)",4,1.02
"2500 ticket(s)",5,1
"2500 ticket(s)",6,-0.02
"2500 ticket(s)",7,1.98
"2500 ticket(s)",8,1.1
"2500 ticket(s)",9,0.28
"2500 ticket(s)",10,1.2
"2500 ticket(s)",11,1.36
"2500 ticket(s)",12,1.12
"2500 ticket(s)",13,0.58
"2500 ticket(s)",14,1.36
"2500 ticket(s)",15,1.12
"2500 ticket(s)",16,1.28
"2500 ticket(s)",17,0.28
"2500 ticket(s)",18,0.54
"2500 ticket(s)",19,1.86
"2500 ticket(s)",20,0.3
"2500 ticket(s)",21,0
"2500 ticket(s)",22,1.12
"2500 ticket(s)",23,0.04
"2500 ticket(s)",24,1.26
"2500 ticket(s)",25,0.76
"2500 ticket(s)",26,0.74
"2500 ticket(s)",27,2.26
"2500 ticket(s)",28,0.42
"2500 ticket(s)",29,0.38
"2500 ticket(s)",30,0.9
"2500 ticket(s)",31,-0.16
"2500 ticket(s)",32,0.84
"2500 ticket(s)",33,1.8
"2500 ticket(s)",34,0.4
"2500 ticket(s)",35,0.38
"2500 ticket(s)",36,1.06
"2500 ticket(s)",37,10.34
"2500 ticket(s)",38,1.5
"2500 ticket(s)",39,1.22
"2500 ticket(s)",40,0.56
"2500 ticket(s)",41,0.84
"2500 ticket(s)",42,1.26
"2500 ticket(s)",43,10.34
"2500 ticket(s)",44,0.36
"2500 ticket(s)",45,0.58
"2500 ticket(s)",46,2.18
"2500 ticket(s)",47,1.48
"2500 ticket(s)",48,1.36
"2500 ticket(s)",49,1.22
"2500 ticket(s)",50,0.62
"2500 ticket(s)",51,10.4
"2500 ticket(s)",52,0.26
"2500 ticket(s)",53,0.96
"2500 ticket(s)",54,1.44
"2500 ticket(s)",55,1.62
"2500 ticket(s)",56,11.04
"2500 ticket(s)",57,1.88
"2500 ticket(s)",58,-0.26
"2500 ticket(s)",59,0.64
"2500 ticket(s)",60,1.4
"2500 ticket(s)",61,0.62
"2500 ticket(s)",62,1.14
"2500 ticket(s)",63,0.9
"2500 ticket(s)",64,0.72
"2500 ticket(s)",65,0.94
"2500 ticket(s)",66,1.2
"2500 ticket(s)",67,2
"2500 ticket(s)",68,0.6
"2500 ticket(s)",69,0.66
"2500 ticket(s)",70,1.02
"2500 ticket(s)",71,2
"2500 ticket(s)",72,0.94
"2500 ticket(s)",73,0.62
"2500 ticket(s)",74,1.2
"2500 ticket(s)",75,0.6
"2500 ticket(s)",76,1.62
"2500 ticket(s)",77,0.52
"2500 ticket(s)",78,0.6
"2500 ticket(s)",79,0.82
"2500 ticket(s)",80,0.34
"2500 ticket(s)",81,1.8
"2500 ticket(s)",82,1.84
"2500 ticket(s)",83,1.38
"2500 ticket(s)",84,0.78
"2500 ticket(s)",85,0.82
"2500 ticket(s)",86,-0.22
"2500 ticket(s)",87,11.76
"2500 ticket(s)",88,0.44
"2500 ticket(s)",89,1.44
"2500 ticket(s)",90,1.9
"2500 ticket(s)",91,0.24
"2500 ticket(s)",92,1.14
"2500 ticket(s)",93,-0.22
"2500 ticket(s)",94,0.4
"2500 ticket(s)",95,0.36
"2500 ticket(s)",96,0.64
"2500 ticket(s)",97,0.26
"2500 ticket(s)",98,0.44
"2500 ticket(s)",99,0.04
"2500 ticket(s)",100,0.96
"2500 ticket(s)",101,1.54
"2500 ticket(s)",102,1.44
"2500 ticket(s)",103,0.6
"2500 ticket(s)",104,1.48
"2500 ticket(s)",105,0.94
"2500 ticket(s)",106,11.34
"2500 ticket(s)",107,1.98
"2500 ticket(s)",108,1.84
"2500 ticket(s)",109,1.28
"2500 ticket(s)",110,0.14
"2500 ticket(s)",111,1.04
"2500 ticket(s)",112,1.94
"2500 ticket(s)",113,1.24
"2500 ticket(s)",114,0.26
"2500 ticket(s)",115,1.18
"2500 ticket(s)",116,1.92
"2500 ticket(s)",117,0.94
"2500 ticket(s)",118,1.08
"2500 ticket(s)",119,0.8
"2500 ticket(s)",120,1.9
"2500 ticket(s)",121,0.38
"2500 ticket(s)",122,1
"2500 ticket(s)",123,0.68
"2500 ticket(s)",124,0.78
"2500 ticket(s)",125,1.02
"2500 ticket(s)",126,1.54
"2500 ticket(s)",127,1.74
"2500 ticket(s)",128,-0.02
"2500 ticket(s)",129,1.06
"2500 ticket(s)",130,0
"2500 ticket(s)",131,10.7
"2500 ticket(s)",132,0.28
"2500 ticket(s)",133,0.66
"2500 ticket(s)",134,1.06
"2500 ticket(s)",135,0.8
"2500 ticket(s)",136,1.24
"2500 ticket(s)",137,1.02
"2500 ticket(s)",138,0.4
"2500 ticket(s)",139,1.7
"2500 ticket(s)",140,-0.26
"2500 ticket(s)",141,0.12
"2500 ticket(s)",142,0.32
"2500 ticket(s)",143,1.74
"2500 ticket(s)",144,21.2
"2500 ticket(s)",145,0.12
"2500 ticket(s)",146,0.46
"2500 ticket(s)",147,9.86
"2500 ticket(s)",148,0.42
"2500 ticket(s)",149,1.12
"2500 ticket(s)",150,-0.12
"2500 ticket(s)",151,2.12
"2500 ticket(s)",152,1.56
"2500 ticket(s)",153,2.28
"2500 ticket(s)",154,0.5
"2500 ticket(s)",155,1.06
"2500 ticket(s)",156,0.44
"2500 ticket(s)",157,0.84
"2500 ticket(s)",158,0.06
"2500 ticket(s)",159,0.14
"2500 ticket(s)",160,1.08
"2500 ticket(s)",161,1.58
"2500 ticket(s)",162,1.54
"2500 ticket(s)",163,-0.16
"2500 ticket(s)",164,11.62
"2500 ticket(s)",165,0.82
"2500 ticket(s)",166,0.62
"2500 ticket(s)",167,0.3
"2500 ticket(s)",168,0.62
"2500 ticket(s)",169,1.1
"2500 ticket(s)",170,0.54
"2500 ticket(s)",171,0.16
"2500 ticket(s)",172,1.52
"2500 ticket(s)",173,-0.04
"2500 ticket(s)",174,0.76
"2500 ticket(s)",175,0.14
"2500 ticket(s)",176,0.46
"2500 ticket(s)",177,0.1
"2500 ticket(s)",178,0.22
"2500 ticket(s)",179,1.54
"2500 ticket(s)",180,0.72
"2500 ticket(s)",181,0.38
"2500 ticket(s)",182,1.04
"2500 ticket(s)",183,0.44
"2500 ticket(s)",184,0.6
"2500 ticket(s)",185,-0.04
"2500 ticket(s)",186,0.82
"2500 ticket(s)",187,0.98
"2500 ticket(s)",188,1.08
"2500 ticket(s)",189,1
"2500 ticket(s)",190,1.5
"2500 ticket(s)",191,0.8
"2500 ticket(s)",192,1.12
"2500 ticket(s)",193,0.06
"2500 ticket(s)",194,-0.2
"2500 ticket(s)",195,-0.2
"2500 ticket(s)",196,0.98
"2500 ticket(s)",197,0.48
"2500 ticket(s)",198,0.34
"2500 ticket(s)",199,0.94
"2500 ticket(s)",200,0.12
"5000 ticket(s)",1,0.21
"5000 ticket(s)",2,0.38
"5000 ticket(s)",3,1.28
"5000 ticket(s)",4,1.36
"5000 ticket(s)",5,0.77
"5000 ticket(s)",6,0.65
"5000 ticket(s)",7,0.64
"5000 ticket(s)",8,1.16
"5000 ticket(s)",9,5.82
"5000 ticket(s)",10,0.78
"5000 ticket(s)",11,1.26
"5000 ticket(s)",12,1.13
"5000 ticket(s)",13,0.77
"5000 ticket(s)",14,0.42
"5000 ticket(s)",15,0.18
"5000 ticket(s)",16,1.3
"5000 ticket(s)",17,0.8
"5000 ticket(s)",18,1.06
"5000 ticket(s)",19,0.63
"5000 ticket(s)",20,5.6
"5000 ticket(s)",21,1.38
"5000 ticket(s)",22,0.45
"5000 ticket(s)",23,5.96
"5000 ticket(s)",24,0.14
"5000 ticket(s)",25,5.93
"5000 ticket(s)",26,0.19
"5000 ticket(s)",27,5.78
"5000 ticket(s)",28,0.75
"5000 ticket(s)",29,0.84
"5000 ticket(s)",30,0.96
"5000 ticket(s)",31,0.23
"5000 ticket(s)",32,0.91
"5000 ticket(s)",33,0.02
"5000 ticket(s)",34,0.91
"5000 ticket(s)",35,1.16
"5000 ticket(s)",36,0.62
"5000 ticket(s)",37,0.74
"5000 ticket(s)",38,1.48
"5000 ticket(s)",39,6.54
"5000 ticket(s)",40,6.26
"5000 ticket(s)",41,1.2
"5000 ticket(s)",42,5.74
"5000 ticket(s)",43,0.88
"5000 ticket(s)",44,0.94
"5000 ticket(s)",45,0.19
"5000 ticket(s)",46,0.41
"5000 ticket(s)",47,0.66
"5000 ticket(s)",48,1.63
"5000 ticket(s)",49,1.54
"5000 ticket(s)",50,0.53
"5000 ticket(s)",51,1.16
"5000 ticket(s)",52,0.91
"5000 ticket(s)",53,0.36
"5000 ticket(s)",54,0.82
"5000 ticket(s)",55,0.74
"5000 ticket(s)",56,0.16
"5000 ticket(s)",57,1.09
"5000 ticket(s)",58,0.58
"5000 ticket(s)",59,1.94
"5000 ticket(s)",60,1.01
"5000 ticket(s)",61,-0.05
"5000 ticket(s)",62,0.53
"5000 ticket(s)",63,1.06
"5000 ticket(s)",64,0.75
"5000 ticket(s)",65,0.68
"5000 ticket(s)",66,0.79
"5000 ticket(s)",67,0.93
"5000 ticket(s)",68,1.03
"5000 ticket(s)",69,1.3
"5000 ticket(s)",70,5.69
"5000 ticket(s)",71,1.53
"5000 ticket(s)",72,0.98
"5000 ticket(s)",73,0.31
"5000 ticket(s)",74,0.65
"5000 ticket(s)",75,0.51
"5000 ticket(s)",76,1.64
"5000 ticket(s)",77,5.76
"5000 ticket(s)",78,0.94
"5000 ticket(s)",79,0.56
"5000 ticket(s)",80,0.51
"5000 ticket(s)",81,0.56
"5000 ticket(s)",82,0.61
"5000 ticket(s)",83,1.03
"5000 ticket(s)",84,11.9
"5000 ticket(s)",85,0.86
"5000 ticket(s)",86,0.87
"5000 ticket(s)",87,1.28
"5000 ticket(s)",88,0.48
"5000 ticket(s)",89,0.42
"5000 ticket(s)",90,0.23
"5000 ticket(s)",91,0.75
"5000 ticket(s)",92,0.2
"5000 ticket(s)",93,0.43
"5000 ticket(s)",94,6.02
"5000 ticket(s)",95,0.55
"5000 ticket(s)",96,1.16
"5000 ticket(s)",97,0.71
"5000 ticket(s)",98,1.6
"5000 ticket(s)",99,1.86
"5000 ticket(s)",100,0.97
"5000 ticket(s)",101,1
"5000 ticket(s)",102,1.28
"5000 ticket(s)",103,0.88
"5000 ticket(s)",104,0.87
"5000 ticket(s)",105,0.59
"5000 ticket(s)",106,0.61
"5000 ticket(s)",107,1.21
"5000 ticket(s)",108,0.44
"5000 ticket(s)",109,1.82
"5000 ticket(s)",110,6.46
"5000 ticket(s)",111,0.84
"5000 ticket(s)",112,1.1
"5000 ticket(s)",113,0.49
"5000 ticket(s)",114,0.83
"5000 ticket(s)",115,0.91
"5000 ticket(s)",116,1.22
"5000 ticket(s)",117,1.08
"5000 ticket(s)",118,1.23
"5000 ticket(s)",119,1.25
"5000 ticket(s)",120,0.29
"5000 ticket(s)",121,0.39
"5000 ticket(s)",122,0.08
"5000 ticket(s)",123,6.02
"5000 ticket(s)",124,1
"5000 ticket(s)",125,1.54
"5000 ticket(s)",126,0.54
"5000 ticket(s)",127,1.25
"5000 ticket(s)",128,0.85
"5000 ticket(s)",129,0.92
"5000 ticket(s)",130,0.33
"5000 ticket(s)",131,6.39
"5000 ticket(s)",132,5.31
"5000 ticket(s)",133,0.76
"5000 ticket(s)",134,0.96
"5000 ticket(s)",135,0.3
"5000 ticket(s)",136,1.23
"5000 ticket(s)",137,-0.17
"5000 ticket(s)",138,0.56
"5000 ticket(s)",139,0.87
"5000 ticket(s)",140,0.55
"5000 ticket(s)",141,0.31
"5000 ticket(s)",142,0.94
"5000 ticket(s)",143,1.1
"5000 ticket(s)",144,1.26
"5000 ticket(s)",145,0.69
"5000 ticket(s)",146,0.95
"5000 ticket(s)",147,0.43
"5000 ticket(s)",148,0.15
"5000 ticket(s)",149,0.5
"5000 ticket(s)",150,0.63
"5000 ticket(s)",151,0.67
"5000 ticket(s)",152,0.98
"5000 ticket(s)",153,0.95
"5000 ticket(s)",154,1.55
"5000 ticket(s)",155,0.9
"5000 ticket(s)",156,1.38
"5000 ticket(s)",157,1.35
"5000 ticket(s)",158,0.59
"5000 ticket(s)",159,1.44
"5000 ticket(s)",160,0.46
"5000 ticket(s)",161,1.16
"5000 ticket(s)",162,0.62
"5000 ticket(s)",163,1.97
"5000 ticket(s)",164,0.89
"5000 ticket(s)",165,0.59
"5000 ticket(s)",166,0.64
"5000 ticket(s)",167,1.01
"5000 ticket(s)",168,0.5
"5000 ticket(s)",169,0.5
"5000 ticket(s)",170,0.7
"5000 ticket(s)",171,1.55
"5000 ticket(s)",172,1.15
"5000 ticket(s)",173,0.37
"5000 ticket(s)",174,0.73
"5000 ticket(s)",175,0.88
"5000 ticket(s)",176,0.36
"5000 ticket(s)",177,0.84
"5000 ticket(s)",178,0.25
"5000 ticket(s)",179,0.73
"5000 ticket(s)",180,1
"5000 ticket(s)",181,1.18
"5000 ticket(s)",182,0.39
"5000 ticket(s)",183,0.63
"5000 ticket(s)",184,0.52
"5000 ticket(s)",185,1.37
"5000 ticket(s)",186,0.27
"5000 ticket(s)",187,1.33
"5000 ticket(s)",188,0.46
"5000 ticket(s)",189,0.92
"5000 ticket(s)",190,5.66
"5000 ticket(s)",191,0.43
"5000 ticket(s)",192,1.15
"5000 ticket(s)",193,1.49
"5000 ticket(s)",194,0.25
"5000 ticket(s)",195,0.87
"5000 ticket(s)",196,5.24
"5000 ticket(s)",197,1.64
"5000 ticket(s)",198,0.19
"5000 ticket(s)",199,0.03
"5000 ticket(s)",200,0.59
